Auto commit at Wed Dec 18 17:55:37 UTC 2024
Auto commit at Wed Dec 18 17:55:50 UTC 2024
Auto commit at Wed Dec 18 22:14:05 UTC 2024
Auto commit at Wed Dec 18 22:14:14 UTC 2024
Auto commit at Thu Dec 19 00:57:36 UTC 2024
Auto commit at Fri Dec 20 00:54:46 UTC 2024
Auto commit at Sat Dec 21 00:53:39 UTC 2024
Auto commit at Sun Dec 22 00:59:04 UTC 2024
Auto commit at Mon Dec 23 00:56:05 UTC 2024
Auto commit at Tue Dec 24 00:54:39 UTC 2024
Auto commit at Wed Dec 25 00:54:02 UTC 2024
Auto commit at Thu Dec 26 00:54:07 UTC 2024
Auto commit at Fri Dec 27 00:54:33 UTC 2024
Auto commit at Sat Dec 28 00:53:31 UTC 2024
Auto commit at Sun Dec 29 00:59:41 UTC 2024
Auto commit at Mon Dec 30 00:56:33 UTC 2024
Auto commit at Tue Dec 31 00:54:20 UTC 2024
Auto commit at Wed Jan  1 00:59:34 UTC 2025
Auto commit at Thu Jan  2 00:54:12 UTC 2025
Auto commit at Fri Jan  3 00:54:44 UTC 2025
Auto commit at Sat Jan  4 00:53:36 UTC 2025
Auto commit at Sun Jan  5 00:59:10 UTC 2025
Auto commit at Mon Jan  6 00:57:18 UTC 2025
Auto commit at Tue Jan  7 00:54:57 UTC 2025
Auto commit at Wed Jan  8 00:54:57 UTC 2025
Auto commit at Thu Jan  9 00:54:33 UTC 2025
Auto commit at Fri Jan 10 00:56:18 UTC 2025
Auto commit at Sat Jan 11 00:55:11 UTC 2025
Auto commit at Sun Jan 12 01:00:07 UTC 2025
Auto commit at Mon Jan 13 00:58:09 UTC 2025
Auto commit at Tue Jan 14 00:52:22 UTC 2025
Auto commit at Wed Jan 15 00:53:52 UTC 2025
Auto commit at Thu Jan 16 00:53:09 UTC 2025
Auto commit at Fri Jan 17 00:52:56 UTC 2025
Auto commit at Sat Jan 18 00:51:18 UTC 2025
Auto commit at Sun Jan 19 00:57:13 UTC 2025
Auto commit at Mon Jan 20 00:54:18 UTC 2025
Auto commit at Tue Jan 21 00:53:03 UTC 2025
Auto commit at Wed Jan 22 00:54:34 UTC 2025
Auto commit at Thu Jan 23 00:53:28 UTC 2025
Auto commit at Fri Jan 24 00:53:30 UTC 2025
Auto commit at Sat Jan 25 00:50:18 UTC 2025
Auto commit at Sun Jan 26 00:55:01 UTC 2025
Auto commit at Mon Jan 27 00:54:39 UTC 2025
Auto commit at Tue Jan 28 00:53:29 UTC 2025
Auto commit at Wed Jan 29 00:53:21 UTC 2025
Auto commit at Thu Jan 30 00:52:32 UTC 2025
Auto commit at Fri Jan 31 00:53:38 UTC 2025
Auto commit at Sat Feb  1 00:56:36 UTC 2025
Auto commit at Sun Feb  2 00:56:15 UTC 2025
Auto commit at Mon Feb  3 00:54:41 UTC 2025
Auto commit at Tue Feb  4 00:53:39 UTC 2025
Auto commit at Wed Feb  5 00:54:20 UTC 2025
Auto commit at Thu Feb  6 00:54:32 UTC 2025
Auto commit at Fri Feb  7 00:54:40 UTC 2025
Auto commit at Sat Feb  8 00:52:50 UTC 2025
Auto commit at Sun Feb  9 00:57:14 UTC 2025
Auto commit at Mon Feb 10 00:55:20 UTC 2025
Auto commit at Tue Feb 11 00:54:16 UTC 2025
Auto commit at Wed Feb 12 00:54:32 UTC 2025
Auto commit at Thu Feb 13 00:54:47 UTC 2025
Auto commit at Fri Feb 14 00:54:18 UTC 2025
Auto commit at Sat Feb 15 00:53:45 UTC 2025
Auto commit at Sun Feb 16 00:58:51 UTC 2025
Auto commit at Mon Feb 17 00:56:52 UTC 2025
Auto commit at Tue Feb 18 00:54:10 UTC 2025
Auto commit at Wed Feb 19 00:54:46 UTC 2025
Auto commit at Thu Feb 20 00:54:57 UTC 2025
Auto commit at Fri Feb 21 00:55:08 UTC 2025
Auto commit at Sat Feb 22 00:52:58 UTC 2025
Auto commit at Sun Feb 23 00:59:05 UTC 2025
Auto commit at Mon Feb 24 00:56:51 UTC 2025
Auto commit at Tue Feb 25 00:55:59 UTC 2025
Auto commit at Wed Feb 26 00:55:53 UTC 2025
Auto commit at Thu Feb 27 00:55:53 UTC 2025
Auto commit at Fri Feb 28 00:56:18 UTC 2025
Auto commit at Sat Mar  1 01:00:08 UTC 2025
Auto commit at Sun Mar  2 00:59:15 UTC 2025
Auto commit at Mon Mar  3 00:57:55 UTC 2025
Auto commit at Tue Mar  4 00:56:50 UTC 2025
Auto commit at Wed Mar  5 00:56:57 UTC 2025
Auto commit at Thu Mar  6 00:56:52 UTC 2025
Auto commit at Fri Mar  7 00:57:33 UTC 2025
Auto commit at Sat Mar  8 00:44:10 UTC 2025
Auto commit at Sun Mar  9 00:49:44 UTC 2025
Auto commit at Mon Mar 10 00:47:58 UTC 2025
Auto commit at Tue Mar 11 00:57:23 UTC 2025
Auto commit at Wed Mar 12 00:56:42 UTC 2025
Auto commit at Thu Mar 13 00:57:35 UTC 2025
Auto commit at Fri Mar 14 00:56:47 UTC 2025
Auto commit at Sat Mar 15 00:56:17 UTC 2025
Auto commit at Sun Mar 16 01:01:33 UTC 2025
Auto commit at Mon Mar 17 00:59:10 UTC 2025
Auto commit at Tue Mar 18 00:57:20 UTC 2025
Auto commit at Wed Mar 19 00:58:00 UTC 2025
Auto commit at Thu Mar 20 00:57:05 UTC 2025
Auto commit at Fri Mar 21 00:58:16 UTC 2025
Auto commit at Sat Mar 22 00:56:31 UTC 2025
Auto commit at Sun Mar 23 01:01:58 UTC 2025
Auto commit at Mon Mar 24 00:59:50 UTC 2025
Auto commit at Tue Mar 25 00:58:35 UTC 2025
Auto commit at Wed Mar 26 00:58:21 UTC 2025
Auto commit at Thu Mar 27 00:58:04 UTC 2025
Auto commit at Fri Mar 28 00:58:02 UTC 2025
Auto commit at Sat Mar 29 00:57:38 UTC 2025
Auto commit at Sun Mar 30 01:03:03 UTC 2025
Auto commit at Mon Mar 31 01:01:41 UTC 2025
Auto commit at Tue Apr  1 01:05:51 UTC 2025
Auto commit at Wed Apr  2 00:59:30 UTC 2025
Auto commit at Thu Apr  3 00:58:53 UTC 2025
Auto commit at Fri Apr  4 00:58:27 UTC 2025
Auto commit at Sat Apr  5 00:57:46 UTC 2025
Auto commit at Sun Apr  6 01:02:33 UTC 2025
Auto commit at Mon Apr  7 01:00:59 UTC 2025
Auto commit at Tue Apr  8 00:59:00 UTC 2025
Auto commit at Wed Apr  9 00:59:08 UTC 2025
Auto commit at Thu Apr 10 00:59:11 UTC 2025
Auto commit at Fri Apr 11 00:59:26 UTC 2025
Auto commit at Sat Apr 12 00:58:30 UTC 2025
Auto commit at Sun Apr 13 02:28:40 UTC 2025
Auto commit at Mon Apr 14 01:02:05 UTC 2025
Auto commit at Tue Apr 15 01:00:51 UTC 2025
Auto commit at Wed Apr 16 01:00:41 UTC 2025
Auto commit at Thu Apr 17 00:59:56 UTC 2025
Auto commit at Fri Apr 18 00:59:10 UTC 2025
Auto commit at Sat Apr 19 00:57:18 UTC 2025
Auto commit at Sun Apr 20 01:04:19 UTC 2025
Auto commit at Mon Apr 21 01:03:11 UTC 2025
Auto commit at Tue Apr 22 01:00:23 UTC 2025
Auto commit at Wed Apr 23 01:00:34 UTC 2025
Auto commit at Thu Apr 24 01:00:40 UTC 2025
Auto commit at Fri Apr 25 01:00:53 UTC 2025
Auto commit at Sat Apr 26 00:58:34 UTC 2025
Auto commit at Sun Apr 27 01:04:31 UTC 2025
Auto commit at Mon Apr 28 01:02:30 UTC 2025
Auto commit at Tue Apr 29 01:00:52 UTC 2025
Auto commit at Wed Apr 30 01:01:22 UTC 2025
Auto commit at Thu May  1 01:06:52 UTC 2025
Auto commit at Fri May  2 01:01:31 UTC 2025
Auto commit at Sat May  3 00:59:53 UTC 2025
Auto commit at Sun May  4 01:07:28 UTC 2025
Auto commit at Mon May  5 01:04:26 UTC 2025
Auto commit at Tue May  6 01:01:47 UTC 2025
Auto commit at Wed May  7 01:02:10 UTC 2025
Auto commit at Thu May  8 01:02:35 UTC 2025
Auto commit at Fri May  9 01:01:55 UTC 2025
Auto commit at Sat May 10 00:59:55 UTC 2025
Auto commit at Sun May 11 01:06:13 UTC 2025
Auto commit at Mon May 12 01:04:50 UTC 2025
Auto commit at Tue May 13 01:03:00 UTC 2025
Auto commit at Wed May 14 01:02:13 UTC 2025
Auto commit at Thu May 15 00:59:42 UTC 2025
Auto commit at Fri May 16 01:03:16 UTC 2025
Auto commit at Sat May 17 01:01:44 UTC 2025
Auto commit at Sun May 18 01:07:03 UTC 2025
Auto commit at Mon May 19 01:05:49 UTC 2025
Auto commit at Tue May 20 01:03:47 UTC 2025
Auto commit at Wed May 21 01:03:16 UTC 2025
Auto commit at Thu May 22 01:02:44 UTC 2025
Auto commit at Fri May 23 01:02:39 UTC 2025
Auto commit at Sat May 24 01:00:30 UTC 2025
Auto commit at Sun May 25 01:08:46 UTC 2025
Auto commit at Mon May 26 01:04:44 UTC 2025
Auto commit at Tue May 27 01:02:04 UTC 2025
Auto commit at Wed May 28 01:03:11 UTC 2025
Auto commit at Thu May 29 01:03:38 UTC 2025
Auto commit at Fri May 30 01:02:04 UTC 2025
Auto commit at Sat May 31 01:01:53 UTC 2025
Auto commit at Sun Jun  1 01:15:55 UTC 2025
Auto commit at Mon Jun  2 01:06:20 UTC 2025
Auto commit at Tue Jun  3 01:04:41 UTC 2025
Auto commit at Wed Jun  4 01:04:17 UTC 2025
Auto commit at Thu Jun  5 01:03:34 UTC 2025
Auto commit at Fri Jun  6 01:03:46 UTC 2025
Auto commit at Sat Jun  7 01:02:54 UTC 2025
Auto commit at Sun Jun  8 01:10:12 UTC 2025
Auto commit at Mon Jun  9 01:07:41 UTC 2025
Auto commit at Tue Jun 10 01:05:25 UTC 2025
Auto commit at Wed Jun 11 01:04:46 UTC 2025
Auto commit at Thu Jun 12 01:03:52 UTC 2025
Auto commit at Fri Jun 13 01:04:56 UTC 2025
Auto commit at Sat Jun 14 01:02:05 UTC 2025
Auto commit at Sun Jun 15 01:11:39 UTC 2025
Auto commit at Mon Jun 16 01:06:42 UTC 2025
Auto commit at Tue Jun 17 01:04:36 UTC 2025
Auto commit at Wed Jun 18 01:04:41 UTC 2025
Auto commit at Thu Jun 19 01:04:38 UTC 2025
Auto commit at Fri Jun 20 01:04:12 UTC 2025
Auto commit at Sat Jun 21 01:03:22 UTC 2025
Auto commit at Sun Jun 22 01:10:48 UTC 2025
Auto commit at Mon Jun 23 01:08:40 UTC 2025
Auto commit at Tue Jun 24 01:05:04 UTC 2025
Auto commit at Wed Jun 25 01:05:34 UTC 2025
Auto commit at Thu Jun 26 01:04:47 UTC 2025
Auto commit at Fri Jun 27 01:05:31 UTC 2025
Auto commit at Sat Jun 28 01:03:03 UTC 2025
Auto commit at Sun Jun 29 01:12:32 UTC 2025
Auto commit at Mon Jun 30 01:09:16 UTC 2025
Auto commit at Tue Jul  1 01:12:36 UTC 2025
Auto commit at Wed Jul  2 01:05:32 UTC 2025
Auto commit at Thu Jul  3 01:05:12 UTC 2025
Auto commit at Fri Jul  4 01:04:51 UTC 2025
Auto commit at Sat Jul  5 01:02:34 UTC 2025
Auto commit at Sun Jul  6 01:11:34 UTC 2025
Auto commit at Mon Jul  7 01:09:31 UTC 2025
Auto commit at Tue Jul  8 01:05:55 UTC 2025
Auto commit at Wed Jul  9 01:06:35 UTC 2025
Auto commit at Thu Jul 10 01:06:35 UTC 2025
Auto commit at Fri Jul 11 01:07:08 UTC 2025
Auto commit at Sat Jul 12 01:09:12 UTC 2025
Auto commit at Sun Jul 13 01:13:46 UTC 2025
Auto commit at Mon Jul 14 01:10:27 UTC 2025
Auto commit at Tue Jul 15 01:10:17 UTC 2025
Auto commit at Wed Jul 16 01:08:34 UTC 2025
Auto commit at Thu Jul 17 01:08:57 UTC 2025
Auto commit at Fri Jul 18 01:08:27 UTC 2025
Auto commit at Sat Jul 19 01:06:28 UTC 2025
Auto commit at Sun Jul 20 01:15:22 UTC 2025
Auto commit at Mon Jul 21 01:12:48 UTC 2025
Auto commit at Tue Jul 22 01:08:58 UTC 2025
Auto commit at Wed Jul 23 01:10:15 UTC 2025
Auto commit at Thu Jul 24 01:09:14 UTC 2025
Auto commit at Fri Jul 25 01:08:35 UTC 2025
Auto commit at Sat Jul 26 01:07:14 UTC 2025
Auto commit at Sun Jul 27 01:15:42 UTC 2025
Auto commit at Mon Jul 28 01:13:57 UTC 2025
Auto commit at Tue Jul 29 01:17:16 UTC 2025
Auto commit at Wed Jul 30 01:10:38 UTC 2025
Auto commit at Thu Jul 31 01:10:12 UTC 2025
Auto commit at Fri Aug  1 01:17:44 UTC 2025
Auto commit at Sat Aug  2 01:07:08 UTC 2025
Auto commit at Sun Aug  3 01:16:50 UTC 2025
Auto commit at Mon Aug  4 01:15:39 UTC 2025
Auto commit at Tue Aug  5 01:12:15 UTC 2025
Auto commit at Wed Aug  6 01:10:27 UTC 2025
Auto commit at Thu Aug  7 01:11:06 UTC 2025
Auto commit at Fri Aug  8 01:11:00 UTC 2025
Auto commit at Sat Aug  9 01:04:40 UTC 2025
Auto commit at Sun Aug 10 01:14:24 UTC 2025
Auto commit at Mon Aug 11 01:11:13 UTC 2025
Auto commit at Tue Aug 12 01:04:14 UTC 2025
Auto commit at Wed Aug 13 01:05:40 UTC 2025
Auto commit at Thu Aug 14 01:06:09 UTC 2025
Auto commit at Fri Aug 15 01:06:11 UTC 2025
Auto commit at Sat Aug 16 01:02:55 UTC 2025
Auto commit at Sun Aug 17 01:10:40 UTC 2025
Auto commit at Mon Aug 18 01:09:53 UTC 2025
Auto commit at Tue Aug 19 01:03:03 UTC 2025
Auto commit at Wed Aug 20 01:01:02 UTC 2025
Auto commit at Thu Aug 21 01:00:17 UTC 2025
Auto commit at Fri Aug 22 01:01:16 UTC 2025
Auto commit at Sat Aug 23 00:58:58 UTC 2025
Auto commit at Sun Aug 24 01:07:48 UTC 2025
Auto commit at Mon Aug 25 01:03:34 UTC 2025
Auto commit at Tue Aug 26 01:02:04 UTC 2025
Auto commit at Wed Aug 27 01:00:07 UTC 2025
Auto commit at Thu Aug 28 00:59:16 UTC 2025
Auto commit at Fri Aug 29 00:59:23 UTC 2025
Auto commit at Sat Aug 30 00:56:51 UTC 2025
Auto commit at Sun Aug 31 01:03:38 UTC 2025
Auto commit at Mon Sep  1 01:10:11 UTC 2025
Auto commit at Tue Sep  2 01:00:20 UTC 2025
Auto commit at Wed Sep  3 00:56:47 UTC 2025
Auto commit at Thu Sep  4 00:56:41 UTC 2025
Auto commit at Fri Sep  5 00:58:12 UTC 2025
Auto commit at Sat Sep  6 00:56:53 UTC 2025
Auto commit at Sun Sep  7 01:02:59 UTC 2025
Auto commit at Mon Sep  8 01:01:33 UTC 2025
Auto commit at Tue Sep  9 00:58:52 UTC 2025
Auto commit at Wed Sep 10 00:57:38 UTC 2025
Auto commit at Thu Sep 11 00:58:49 UTC 2025
Auto commit at Fri Sep 12 00:56:50 UTC 2025
Auto commit at Sat Sep 13 00:54:17 UTC 2025
Auto commit at Sun Sep 14 01:02:04 UTC 2025
Auto commit at Mon Sep 15 01:02:26 UTC 2025
Auto commit at Tue Sep 16 00:57:34 UTC 2025
Auto commit at Wed Sep 17 00:57:20 UTC 2025
Auto commit at Thu Sep 18 00:57:06 UTC 2025
Auto commit at Fri Sep 19 00:59:30 UTC 2025
Auto commit at Sat Sep 20 00:56:03 UTC 2025
Auto commit at Sun Sep 21 01:03:40 UTC 2025
Auto commit at Mon Sep 22 01:02:54 UTC 2025
Auto commit at Tue Sep 23 00:57:38 UTC 2025
Auto commit at Wed Sep 24 00:58:20 UTC 2025
Auto commit at Thu Sep 25 00:58:35 UTC 2025
Auto commit at Fri Sep 26 00:58:11 UTC 2025
Auto commit at Sat Sep 27 00:56:12 UTC 2025
Auto commit at Sun Sep 28 01:04:13 UTC 2025
Auto commit at Mon Sep 29 01:00:11 UTC 2025
Auto commit at Tue Sep 30 00:59:13 UTC 2025
Auto commit at Wed Oct  1 01:05:18 UTC 2025
Auto commit at Thu Oct  2 00:57:18 UTC 2025
Auto commit at Fri Oct  3 00:57:21 UTC 2025
Auto commit at Sat Oct  4 00:54:59 UTC 2025
Auto commit at Sun Oct  5 01:03:26 UTC 2025
Auto commit at Mon Oct  6 00:59:21 UTC 2025
Auto commit at Tue Oct  7 00:58:18 UTC 2025
Auto commit at Wed Oct  8 00:58:00 UTC 2025
Auto commit at Thu Oct  9 00:58:47 UTC 2025
Auto commit at Fri Oct 10 00:58:26 UTC 2025
Auto commit at Sat Oct 11 00:55:56 UTC 2025
Auto commit at Sun Oct 12 01:01:18 UTC 2025
Auto commit at Mon Oct 13 01:02:46 UTC 2025
Auto commit at Tue Oct 14 00:58:38 UTC 2025
Auto commit at Wed Oct 15 01:00:15 UTC 2025
Auto commit at Thu Oct 16 00:59:41 UTC 2025
Auto commit at Fri Oct 17 00:59:21 UTC 2025
Auto commit at Sat Oct 18 00:56:50 UTC 2025
Auto commit at Sun Oct 19 01:06:32 UTC 2025
Auto commit at Mon Oct 20 01:04:07 UTC 2025
Auto commit at Tue Oct 21 01:01:03 UTC 2025
Auto commit at Wed Oct 22 01:01:58 UTC 2025
Auto commit at Thu Oct 23 01:00:51 UTC 2025
Auto commit at Fri Oct 24 00:57:10 UTC 2025
Auto commit at Sat Oct 25 00:58:36 UTC 2025
Auto commit at Sun Oct 26 01:04:54 UTC 2025
Auto commit at Mon Oct 27 01:06:06 UTC 2025
Auto commit at Tue Oct 28 00:59:37 UTC 2025
Auto commit at Wed Oct 29 01:03:55 UTC 2025
Auto commit at Thu Oct 30 01:03:35 UTC 2025
Auto commit at Fri Oct 31 01:01:29 UTC 2025
Auto commit at Sat Nov  1 01:04:53 UTC 2025
Auto commit at Sun Nov  2 01:05:40 UTC 2025
Auto commit at Mon Nov  3 01:04:53 UTC 2025
Auto commit at Tue Nov  4 01:02:03 UTC 2025
Auto commit at Wed Nov  5 01:03:36 UTC 2025
Auto commit at Thu Nov  6 01:02:39 UTC 2025
Auto commit at Fri Nov  7 01:02:14 UTC 2025
Auto commit at Sat Nov  8 00:59:14 UTC 2025
Auto commit at Sun Nov  9 01:05:35 UTC 2025
Auto commit at Mon Nov 10 01:05:18 UTC 2025
Auto commit at Tue Nov 11 01:03:26 UTC 2025
Auto commit at Wed Nov 12 01:03:06 UTC 2025
Auto commit at Thu Nov 13 01:03:21 UTC 2025
Auto commit at Fri Nov 14 01:02:49 UTC 2025
Auto commit at Sat Nov 15 01:01:27 UTC 2025
Auto commit at Sun Nov 16 01:07:14 UTC 2025
Auto commit at Mon Nov 17 01:04:09 UTC 2025
Auto commit at Tue Nov 18 01:02:27 UTC 2025
Auto commit at Wed Nov 19 01:02:38 UTC 2025
Auto commit at Thu Nov 20 01:01:21 UTC 2025
Auto commit at Fri Nov 21 01:01:58 UTC 2025
Auto commit at Sat Nov 22 00:59:56 UTC 2025
Auto commit at Sun Nov 23 01:11:14 UTC 2025
Auto commit at Mon Nov 24 01:06:56 UTC 2025
Auto commit at Tue Nov 25 01:02:47 UTC 2025
Auto commit at Wed Nov 26 01:02:51 UTC 2025
Auto commit at Thu Nov 27 01:01:58 UTC 2025
Auto commit at Fri Nov 28 01:01:02 UTC 2025
Auto commit at Sat Nov 29 01:01:30 UTC 2025
Auto commit at Sun Nov 30 01:10:50 UTC 2025
Auto commit at Mon Dec  1 01:15:32 UTC 2025
Auto commit at Tue Dec  2 01:04:24 UTC 2025
Auto commit at Wed Dec  3 01:04:48 UTC 2025
Auto commit at Thu Dec  4 01:04:26 UTC 2025
Auto commit at Fri Dec  5 01:04:48 UTC 2025
Auto commit at Sat Dec  6 01:01:31 UTC 2025
Auto commit at Sun Dec  7 01:10:58 UTC 2025
Auto commit at Mon Dec  8 01:04:47 UTC 2025
Auto commit at Tue Dec  9 01:04:20 UTC 2025
Auto commit at Wed Dec 10 01:06:24 UTC 2025
Auto commit at Thu Dec 11 01:07:00 UTC 2025
Auto commit at Fri Dec 12 01:06:40 UTC 2025
Auto commit at Sat Dec 13 01:02:30 UTC 2025
Auto commit at Sun Dec 14 01:11:21 UTC 2025
Auto commit at Mon Dec 15 01:08:43 UTC 2025
Auto commit at Tue Dec 16 01:07:47 UTC 2025
Auto commit at Wed Dec 17 01:02:31 UTC 2025
Auto commit at Thu Dec 18 01:03:48 UTC 2025
Auto commit at Fri Dec 19 01:07:13 UTC 2025
Auto commit at Sat Dec 20 01:02:47 UTC 2025
Auto commit at Sun Dec 21 01:11:15 UTC 2025
Auto commit at Mon Dec 22 01:09:53 UTC 2025
Auto commit at Tue Dec 23 01:06:48 UTC 2025
Auto commit at Wed Dec 24 01:05:51 UTC 2025
Auto commit at Thu Dec 25 01:06:44 UTC 2025
Auto commit at Fri Dec 26 01:07:09 UTC 2025
Auto commit at Sat Dec 27 01:05:15 UTC 2025
Auto commit at Sun Dec 28 01:15:15 UTC 2025
Auto commit at Mon Dec 29 01:12:48 UTC 2025
Auto commit at Tue Dec 30 01:07:03 UTC 2025
Auto commit at Wed Dec 31 01:08:36 UTC 2025
Auto commit at Thu Jan  1 01:14:36 UTC 2026
Auto commit at Fri Jan  2 01:08:52 UTC 2026
Auto commit at Sat Jan  3 01:04:10 UTC 2026
Auto commit at Sun Jan  4 01:15:44 UTC 2026
Auto commit at Mon Jan  5 01:14:22 UTC 2026
Auto commit at Tue Jan  6 01:08:14 UTC 2026
Auto commit at Wed Jan  7 01:09:07 UTC 2026
Auto commit at Thu Jan  8 01:08:39 UTC 2026
Auto commit at Fri Jan  9 01:09:40 UTC 2026
Auto commit at Sat Jan 10 01:06:47 UTC 2026
Auto commit at Sun Jan 11 01:15:45 UTC 2026
Auto commit at Mon Jan 12 01:12:18 UTC 2026
Auto commit at Tue Jan 13 01:05:51 UTC 2026
Auto commit at Wed Jan 14 01:11:30 UTC 2026
Auto commit at Thu Jan 15 01:07:43 UTC 2026
Auto commit at Fri Jan 16 01:09:34 UTC 2026
Auto commit at Sat Jan 17 01:06:33 UTC 2026
Auto commit at Sun Jan 18 01:14:45 UTC 2026
Auto commit at Mon Jan 19 01:13:34 UTC 2026
Auto commit at Tue Jan 20 01:08:35 UTC 2026
Auto commit at Wed Jan 21 01:10:49 UTC 2026
Auto commit at Thu Jan 22 01:10:48 UTC 2026
Auto commit at Fri Jan 23 01:09:56 UTC 2026
Auto commit at Sat Jan 24 01:07:20 UTC 2026
Auto commit at Sun Jan 25 01:16:44 UTC 2026
Auto commit at Mon Jan 26 01:15:32 UTC 2026
Auto commit at Tue Jan 27 01:14:20 UTC 2026
Auto commit at Wed Jan 28 01:10:20 UTC 2026
Auto commit at Thu Jan 29 01:20:12 UTC 2026
Auto commit at Fri Jan 30 01:19:30 UTC 2026
Auto commit at Sat Jan 31 01:16:48 UTC 2026
Auto commit at Sun Feb  1 01:43:39 UTC 2026
Auto commit at Mon Feb  2 01:24:11 UTC 2026
Auto commit at Tue Feb  3 01:24:25 UTC 2026
Auto commit at Wed Feb  4 01:20:12 UTC 2026
Auto commit at Thu Feb  5 01:19:38 UTC 2026
Auto commit at Fri Feb  6 01:20:50 UTC 2026
Auto commit at Sat Feb  7 01:19:25 UTC 2026
Auto commit at Sun Feb  8 01:55:59 UTC 2026
Auto commit at Mon Feb  9 01:26:12 UTC 2026
Auto commit at Tue Feb 10 01:48:57 UTC 2026
Auto commit at Wed Feb 11 01:45:57 UTC 2026
Auto commit at Thu Feb 12 01:25:48 UTC 2026
Auto commit at Fri Feb 13 01:28:29 UTC 2026
Auto commit at Sat Feb 14 01:20:50 UTC 2026
Auto commit at Sun Feb 15 01:28:35 UTC 2026
Auto commit at Mon Feb 16 01:24:34 UTC 2026
Auto commit at Tue Feb 17 01:24:16 UTC 2026
Auto commit at Wed Feb 18 01:26:33 UTC 2026
Auto commit at Thu Feb 19 01:25:22 UTC 2026
Auto commit at Fri Feb 20 01:21:36 UTC 2026
Auto commit at Sat Feb 21 01:19:05 UTC 2026
Auto commit at Sun Feb 22 01:25:17 UTC 2026
Auto commit at Mon Feb 23 01:24:06 UTC 2026
Auto commit at Tue Feb 24 01:23:10 UTC 2026
Auto commit at Wed Feb 25 01:25:58 UTC 2026
Auto commit at Thu Feb 26 01:22:25 UTC 2026
Auto commit at Fri Feb 27 01:19:37 UTC 2026
